{"stats":{"minecraft:broken":{"minecraft:stone_pickaxe":1,"minecraft:iron_pickaxe":6,"minecraft:wooden_axe":1},"minecraft:killed":{"minecraft:spider":4,"minecraft:skeleton":11,"minecraft:chicken":10,"minecraft:pig":5,"minecraft:sheep":9,"minecraft:zombie":19,"minecraft:player":1,"minecraft:enderman":1,"minecraft:cow":1},"minecraft:mined":{"minecraft:tuff":10,"minecraft:deepslate_diamond_ore":15,"minecraft:obsidian":17,"minecraft:granite":183,"minecraft:budding_amethyst":2,"minecraft:acacia_log":56,"minecraft:grass_block":10,"minecraft:acacia_pressure_plate":1,"minecraft:hay_block":33,"minecraft:magma_block":32,"minecraft:raw_iron_block":1,"minecraft:furnace":7,"minecraft:iron_ore":8,"minecraft:fire":5,"minecraft:acacia_wood":2,"minecraft:acacia_stairs":3,"minecraft:deepslate_lapis_ore":11,"minecraft:bookshelf":3,"minecraft:deepslate_iron_ore":106,"minecraft:small_amethyst_bud":1,"minecraft:azalea":1,"minecraft:stone":210,"minecraft:white_wool":3,"minecraft:tripwire":2,"minecraft:deepslate_redstone_ore":47,"minecraft:acacia_leaves":6,"minecraft:blackstone":1332,"minecraft:melon_stem":1,"minecraft:orange_terracotta":2,"minecraft:crafting_table":6,"minecraft:torch":3,"minecraft:calcite":7,"minecraft:melon":13,"minecraft:chest":1,"minecraft:dead_bush":3,"minecraft:tall_grass":11,"minecraft:lapis_ore":10,"minecraft:deepslate_gold_ore":5,"farmersdelight:wild_tomatoes":8,"minecraft:oak_planks":1,"minecraft:wall_torch":11,"minecraft:amethyst_block":11,"supplementaries:urn":11,"farmersdelight:wild_beetroots":1,"minecraft:wheat":109,"minecraft:grass":51,"minecraft:oak_log":6,"minecraft:coal_ore":35,"minecraft:acacia_fence":2,"minecraft:loom":1,"minecraft:gravel":18,"minecraft:sand":1,"minecraft:dirt":34,"minecraft:smooth_basalt":18,"minecraft:oak_leaves":2},"minecraft:picked_up":{"minecraft:crafting_table":7,"minecraft:iron_chestplate":1,"minecraft:wheat":87,"minecraft:chicken":9,"minecraft:acacia_pressure_plate":1,"minecraft:amethyst_block":10,"minecraft:string":20,"minecraft:iron_axe":1,"minecraft:raw_copper":3,"minecraft:iron_leggings":1,"minecraft:blackstone":1010,"minecraft:beef":3,"minecraft:calcite":21,"minecraft:azalea":1,"minecraft:poppy":2,"minecraft:iron_pickaxe":2,"minecraft:light_gray_wool":1,"minecraft:melon_slice":64,"minecraft:chest":1,"minecraft:furnace":7,"minecraft:iron_boots":1,"minecraft:egg":4,"minecraft:stick":6,"minecraft:raw_iron":131,"minecraft:acacia_fence":2,"minecraft:torch":19,"minecraft:acacia_log":56,"minecraft:porkchop":9,"farmersdelight:tomato_seeds":16,"minecraft:redstone":109,"minecraft:blue_carpet":1,"minecraft:arrow":13,"minecraft:rotten_flesh":23,"minecraft:beetroot_seeds":1,"minecraft:hay_block":33,"supplementaries:antique_ink":2,"minecraft:gold_ingot":1,"minecraft:mutton":11,"minecraft:obsidian":19,"minecraft:white_wool":11,"minecraft:cobblestone":262,"minecraft:magma_block":7,"minecraft:feather":10,"minecraft:glow_ink_sac":1,"minecraft:brown_wool":1,"minecraft:leather":1,"minecraft:acacia_wood":2,"minecraft:flint":1,"minecraft:tuff":3,"minecraft:oak_log":8,"minecraft:gunpowder":2,"minecraft:acacia_boat":1,"minecraft:lapis_lazuli":135,"farmersdelight:tomato":1,"minecraft:dirt":47,"minecraft:orange_terracotta":2,"minecraft:bone":33,"minecraft:acacia_planks":5,"minecraft:bow":4,"minecraft:wheat_seeds":253,"minecraft:raw_gold":3,"minecraft:iron_ingot":4,"minecraft:stone_pickaxe":2,"minecraft:oak_planks":15,"minecraft:acacia_sapling":3,"minecraft:book":10,"minecraft:smooth_basalt":18,"minecraft:cooked_porkchop":6,"minecraft:gravel":11,"minecraft:sand":1,"minecraft:loom":1,"minecraft:acacia_stairs":3,"minecraft:spider_eye":2,"minecraft:diamond":20,"minecraft:stone_axe":2,"minecraft:iron_helmet":1,"minecraft:granite":275,"minecraft:emerald":6,"minecraft:oak_sapling":2,"minecraft:melon_seeds":1,"minecraft:coal":37,"minecraft:ender_pearl":1},"minecraft:custom":{"minecraft:mob_kills":61,"minecraft:interact_with_crafting_table":29,"minecraft:leave_game":1,"minecraft:time_since_death":170038,"minecraft:climb_one_cm":1088,"minecraft:sprint_one_cm":259170,"minecraft:walk_one_cm":522706,"minecraft:drop":178,"minecraft:talked_to_villager":9,"minecraft:play_time":170038,"minecraft:sneak_time":529,"minecraft:walk_under_water_one_cm":5396,"minecraft:jump":2118,"minecraft:walk_on_water_one_cm":23665,"minecraft:total_world_time":170038,"minecraft:interact_with_furnace":74,"minecraft:traded_with_villager":2,"minecraft:interact_with_cartography_table":1,"minecraft:sleep_in_bed":1,"minecraft:time_since_rest":33462,"minecraft:damage_taken":1921,"minecraft:damage_dealt":8511,"minecraft:swim_one_cm":5848,"minecraft:fly_one_cm":292310,"minecraft:player_kills":1,"minecraft:open_chest":51,"minecraft:crouch_one_cm":1821,"minecraft:fall_one_cm":52323},"minecraft:crafted":{"minecraft:oak_planks":32,"minecraft:cooked_chicken":9,"minecraft:furnace":11,"minecraft:iron_boots":1,"minecraft:bow":3,"minecraft:iron_axe":3,"minecraft:stone_pickaxe":1,"minecraft:chest":3,"minecraft:wheat":99,"minecraft:arrow":4,"minecraft:emerald":2,"minecraft:cooked_porkchop":2,"minecraft:crafting_table":3,"minecraft:iron_helmet":1,"minecraft:wooden_pickaxe":1,"minecraft:bucket":3,"minecraft:stone_axe":3,"minecraft:bread":48,"minecraft:acacia_boat":2,"minecraft:air":0,"minecraft:iron_chestplate":1,"minecraft:diamond_pickaxe":1,"minecraft:stick":56,"minecraft:iron_pickaxe":12,"minecraft:iron_ingot":108,"minecraft:wooden_axe":1,"minecraft:iron_shovel":1,"minecraft:iron_leggings":1,"minecraft:white_bed":1,"minecraft:acacia_planks":92,"minecraft:torch":20},"minecraft:dropped":{"farmersdelight:tomato_seeds":16,"minecraft:wheat_seeds":10,"minecraft:ender_pearl":1,"minecraft:cooked_porkchop":1,"minecraft:amethyst_block":10,"minecraft:granite":11,"minecraft:brown_wool":1,"minecraft:iron_pickaxe":1,"minecraft:string":1,"minecraft:smooth_basalt":9,"minecraft:redstone":6,"minecraft:stone_axe":1,"minecraft:blackstone":737,"minecraft:obsidian":2,"minecraft:rotten_flesh":2,"minecraft:oak_planks":1,"supplementaries:antique_ink":2,"minecraft:poppy":2,"minecraft:acacia_sapling":3,"minecraft:oak_sapling":2,"minecraft:spider_eye":2,"minecraft:bow":2,"minecraft:calcite":14},"minecraft:used":{"minecraft:iron_shovel":36,"minecraft:chest":4,"minecraft:cooked_chicken":9,"minecraft:rotten_flesh":3,"minecraft:iron_chestplate":1,"minecraft:torch":35,"minecraft:dirt":25,"minecraft:mutton":11,"minecraft:tuff":3,"minecraft:granite":2,"minecraft:wooden_axe":61,"farmersdelight:tomato":1,"minecraft:iron_axe":209,"minecraft:light_gray_wool":1,"minecraft:bow":7,"minecraft:beef":3,"minecraft:furnace":12,"minecraft:acacia_wood":2,"minecraft:egg":4,"minecraft:iron_leggings":1,"minecraft:water_bucket":70,"minecraft:acacia_boat":1,"minecraft:stone_pickaxe":131,"minecraft:oak_planks":2,"minecraft:blackstone":67,"minecraft:wooden_pickaxe":32,"minecraft:golden_apple":1,"minecraft:sand":1,"minecraft:crafting_table":9,"minecraft:white_bed":1,"minecraft:diamond_pickaxe":94,"minecraft:bread":13,"minecraft:iron_pickaxe":1835,"minecraft:stone_axe":103,"minecraft:porkchop":2,"minecraft:cooked_porkchop":7,"minecraft:bucket":71}},"DataVersion":3465}