{"stats":{"minecraft:mined":{"minecraft:grass_block":3,"minecraft:coal_ore":3,"minecraft:dirt":7,"minecraft:sweet_berry_bush":20,"minecraft:spruce_leaves":1,"minecraft:spruce_log":23,"minecraft:stone":11},"minecraft:picked_up":{"minecraft:stick":2,"minecraft:sweet_berries":70,"minecraft:spruce_sapling":2,"minecraft:spruce_log":23,"minecraft:mutton":1,"minecraft:coal":3,"minecraft:dirt":10,"minecraft:white_wool":1,"minecraft:cobblestone":11},"minecraft:used":{"minecraft:stone_axe":23,"minecraft:dirt":8,"minecraft:sweet_berries":57,"minecraft:crafting_table":1,"minecraft:stone_pickaxe":12,"minecraft:wooden_pickaxe":4,"minecraft:spruce_log":5},"minecraft:custom":{"minecraft:time_since_rest":13370,"minecraft:play_time":13370,"minecraft:sprint_one_cm":1101,"minecraft:damage_taken":140,"minecraft:walk_one_cm":21737,"minecraft:mob_kills":1,"minecraft:jump":49,"minecraft:damage_dealt":80,"minecraft:leave_game":3,"minecraft:time_since_death":13370,"minecraft:total_world_time":13370,"minecraft:interact_with_crafting_table":4,"minecraft:fly_one_cm":377,"minecraft:fall_one_cm":209},"minecraft:killed":{"minecraft:sheep":1},"minecraft:crafted":{"minecraft:stone_axe":1,"minecraft:crafting_table":1,"minecraft:spruce_planks":12,"minecraft:stick":8,"minecraft:stone_pickaxe":1,"minecraft:wooden_pickaxe":1}},"DataVersion":3465}