{"stats":{"minecraft:crafted":{"minecraft:brick":5,"minecraft:oak_planks":52,"minecraft:diamond_hoe":1,"minecraft:furnace":4,"minecraft:cooked_mutton":3,"minecraft:iron_boots":1,"minecraft:iron_axe":1,"minecraft:stone_pickaxe":4,"minecraft:chest":2,"minecraft:wheat":72,"minecraft:cooked_beef":3,"minecraft:diamond_sword":1,"minecraft:cooked_porkchop":5,"minecraft:crafting_table":6,"minecraft:wooden_pickaxe":4,"minecraft:iron_helmet":2,"minecraft:bucket":5,"minecraft:stone_axe":2,"minecraft:bread":24,"minecraft:air":0,"minecraft:iron_chestplate":2,"minecraft:diamond_pickaxe":1,"minecraft:stick":68,"minecraft:iron_ingot":75,"minecraft:iron_pickaxe":4,"minecraft:iron_leggings":2,"minecraft:acacia_planks":60,"minecraft:torch":128},"minecraft:picked_up":{"minecraft:fishing_rod":1,"minecraft:crafting_table":14,"minecraft:iron_chestplate":1,"minecraft:wheat":6,"minecraft:clay_ball":4,"minecraft:rabbit_stew":1,"minecraft:wooden_pickaxe":5,"minecraft:brewing_stand":1,"minecraft:string":21,"minecraft:raw_copper":5,"minecraft:iron_axe":1,"minecraft:item_frame":1,"minecraft:blackstone":677,"minecraft:cobbled_deepslate":103,"minecraft:bucket":1,"minecraft:beef":10,"minecraft:iron_nugget":38,"minecraft:iron_pickaxe":4,"farmersdelight:cabbage_seeds":4,"minecraft:furnace":3,"minecraft:egg":2,"minecraft:stick":8,"minecraft:raw_iron":138,"minecraft:torch":259,"minecraft:acacia_log":37,"minecraft:porkchop":34,"minecraft:dried_kelp":1,"farmersdelight:tomato_seeds":4,"minecraft:carrot":20,"minecraft:arrow":16,"minecraft:honey_bottle":1,"minecraft:light_gray_bed":1,"minecraft:rotten_flesh":31,"minecraft:hay_block":18,"supplementaries:antique_ink":5,"minecraft:gold_ingot":1,"supplementaries:ash":37,"minecraft:obsidian":1,"minecraft:glow_berries":5,"minecraft:mutton":18,"minecraft:cod":1,"minecraft:white_wool":6,"minecraft:cobblestone":815,"minecraft:magma_block":31,"minecraft:leather_chestplate":1,"minecraft:cooked_beef":1,"minecraft:glow_ink_sac":1,"minecraft:brown_wool":1,"minecraft:leather":3,"minecraft:flint":5,"minecraft:tuff":9,"minecraft:oak_log":15,"supplementaries:flax_seeds":3,"minecraft:gunpowder":2,"minecraft:lapis_lazuli":7,"minecraft:dirt":141,"minecraft:cooked_mutton":1,"farmersdelight:organic_compost":2,"minecraft:bone":29,"minecraft:acacia_planks":3,"minecraft:wheat_seeds":83,"minecraft:raw_gold":13,"minecraft:iron_ingot":20,"minecraft:stone_pickaxe":5,"minecraft:iron_ore":1,"minecraft:moss_block":6,"minecraft:oak_planks":25,"minecraft:flowering_azalea":2,"minecraft:book":3,"minecraft:smooth_basalt":3,"minecraft:cooked_porkchop":5,"minecraft:dandelion":1,"minecraft:lava_bucket":1,"minecraft:dripstone_block":2,"minecraft:gravel":42,"minecraft:sand":3,"minecraft:spider_eye":3,"minecraft:leather_helmet":1,"minecraft:pumpkin_seeds":1,"minecraft:diamond":31,"minecraft:stone_axe":4,"minecraft:granite":886,"minecraft:emerald":5,"minecraft:baked_potato":1,"minecraft:oak_sapling":2,"minecraft:melon_seeds":3,"minecraft:coal":107},"minecraft:killed_by":{"minecraft:player":1,"minecraft:enderman":3,"minecraft:zombie":1},"minecraft:mined":{"minecraft:diamond_ore":2,"minecraft:tuff":9,"minecraft:deepslate_diamond_ore":29,"minecraft:brewing_stand":1,"minecraft:obsidian":1,"minecraft:granite":270,"minecraft:glow_lichen":2,"minecraft:cave_vines_plant":3,"minecraft:acacia_log":24,"minecraft:grass_block":15,"minecraft:light_gray_bed":1,"minecraft:moss_block":20,"minecraft:hay_block":13,"minecraft:magma_block":48,"minecraft:furnace":2,"minecraft:carrots":15,"minecraft:iron_ore":66,"minecraft:fire":9,"minecraft:orange_stained_glass_pane":11,"minecraft:moss_carpet":1,"minecraft:deepslate_lapis_ore":1,"minecraft:dirt_path":1,"minecraft:cave_vines":13,"minecraft:deepslate_iron_ore":55,"minecraft:rail":2,"minecraft:azalea":3,"minecraft:stone":440,"minecraft:tripwire":1,"minecraft:deepslate_redstone_ore":2,"minecraft:acacia_leaves":6,"minecraft:flowering_azalea":4,"minecraft:glass_pane":2,"minecraft:blackstone":901,"farmersdelight:organic_compost":2,"minecraft:crafting_table":11,"minecraft:clay":12,"minecraft:torch":25,"minecraft:poppy":1,"minecraft:dead_bush":1,"minecraft:copper_ore":1,"minecraft:glass":1,"minecraft:tall_grass":36,"minecraft:cobblestone":56,"minecraft:deepslate_gold_ore":13,"minecraft:oak_planks":4,"minecraft:wall_torch":30,"supplementaries:urn":31,"minecraft:coarse_dirt":1,"minecraft:wheat":12,"minecraft:pumpkin_stem":1,"minecraft:grass":139,"minecraft:oak_log":15,"minecraft:coal_ore":91,"minecraft:acacia_fence":1,"minecraft:dripstone_block":1,"minecraft:gravel":22,"minecraft:sand":3,"minecraft:dirt":58,"minecraft:cobweb":1,"minecraft:smooth_basalt":6,"minecraft:small_dripleaf":1,"minecraft:oak_leaves":19,"minecraft:deepslate":209},"minecraft:broken":{"minecraft:stone_pickaxe":1,"minecraft:iron_pickaxe":4},"minecraft:dropped":{"minecraft:iron_ingot":6,"minecraft:iron_sword":1,"minecraft:moss_block":2,"minecraft:wheat_seeds":20,"minecraft:dripstone_block":1,"minecraft:cobblestone":2,"minecraft:book":3,"minecraft:leather":1,"minecraft:granite":9,"minecraft:leather_helmet":1,"minecraft:item_frame":1,"minecraft:flint":1,"minecraft:dirt":9,"minecraft:flowering_azalea":1,"minecraft:string":2,"minecraft:bucket":1,"minecraft:bone":11,"minecraft:blackstone":63,"minecraft:bowl":1,"minecraft:rotten_flesh":13,"minecraft:clay_ball":4,"minecraft:pumpkin_seeds":1,"minecraft:leather_chestplate":1,"supplementaries:ash":37,"supplementaries:flax_seeds":3,"minecraft:hay_block":5,"minecraft:oak_sapling":1,"minecraft:leather_leggings":1,"minecraft:spider_eye":2,"minecraft:arrow":4,"minecraft:wooden_pickaxe":2,"minecraft:egg":1},"minecraft:used":{"minecraft:moss_block":4,"minecraft:dried_kelp":1,"minecraft:chest":2,"minecraft:iron_sword":137,"minecraft:rotten_flesh":4,"minecraft:torch":279,"minecraft:dirt":30,"minecraft:carrot":7,"minecraft:tuff":9,"minecraft:granite":62,"minecraft:obsidian":1,"minecraft:lava_bucket":3,"minecraft:iron_axe":50,"minecraft:smooth_basalt":3,"minecraft:rabbit_stew":1,"minecraft:magma_block":1,"minecraft:furnace":5,"minecraft:egg":1,"minecraft:cooked_beef":3,"minecraft:light_gray_bed":1,"minecraft:cooked_mutton":4,"minecraft:water_bucket":5,"minecraft:iron_ore":1,"minecraft:stone_pickaxe":319,"minecraft:baked_potato":1,"minecraft:blackstone":166,"minecraft:wooden_pickaxe":26,"farmersdelight:organic_compost":2,"minecraft:glow_berries":4,"minecraft:sand":3,"minecraft:crafting_table":15,"minecraft:cod":1,"minecraft:diamond_pickaxe":687,"minecraft:bread":34,"minecraft:iron_pickaxe":1244,"minecraft:gravel":3,"minecraft:stone_axe":143,"minecraft:diamond_sword":73,"minecraft:cobblestone":213,"minecraft:cooked_porkchop":3,"minecraft:bucket":12},"minecraft:killed":{"minecraft:spider":8,"minecraft:skeleton":19,"minecraft:pig":11,"minecraft:zombie_villager":1,"minecraft:bat":1,"minecraft:creeper":1,"minecraft:sheep":5,"minecraft:zombie":36,"minecraft:cow":4},"minecraft:custom":{"minecraft:interact_with_smithing_table":2,"minecraft:mob_kills":88,"minecraft:animals_bred":1,"minecraft:interact_with_crafting_table":50,"minecraft:open_barrel":1,"minecraft:leave_game":1,"minecraft:time_since_death":156369,"minecraft:climb_one_cm":2076,"minecraft:sprint_one_cm":462538,"minecraft:walk_one_cm":766517,"minecraft:drop":42,"minecraft:talked_to_villager":9,"minecraft:play_time":224948,"minecraft:sneak_time":8114,"minecraft:deaths":6,"minecraft:walk_under_water_one_cm":22288,"minecraft:jump":3953,"minecraft:walk_on_water_one_cm":32090,"minecraft:total_world_time":224948,"minecraft:interact_with_furnace":42,"minecraft:interact_with_loom":1,"minecraft:interact_with_stonecutter":1,"minecraft:interact_with_grindstone":1,"minecraft:sleep_in_bed":1,"minecraft:time_since_rest":145171,"minecraft:damage_taken":4040,"minecraft:damage_dealt":14832,"minecraft:swim_one_cm":15953,"minecraft:fly_one_cm":475136,"minecraft:open_chest":41,"minecraft:crouch_one_cm":24536,"minecraft:interact_with_smoker":2,"minecraft:fall_one_cm":99338,"minecraft:horse_one_cm":1759}},"DataVersion":3465}